date,content,content_en,attachment
2024/08/08,大学オープンキャンパスにて自動運転デモンストレーションを行いました。,Conducted autonomous driving demonstration at the university Open Campus.,
2024/10/25,新たにB3メンバーが6人配属されました。,Six new B3 undergraduate members have joined the laboratory.,/component/articles/sample.md
2024/11/01,研究室の2周年のお祝いをしました。,Celebrated the 2nd anniversary of the laboratory.,/img/iASL_member.jpg
2024/11/08,iASLのチームは自動運転AIチャレンジ2024決勝大会に参加しました。,The iASL team participated in the Autonomous Driving AI Challenge 2024 Finals.,/img/aichallenge24.jpg
2025/02/15,自動運転UX創造チャレンジに参加しました。,Participated in the Autonomous Driving UX Creation Challenge.,/img/uxchallenge.jpg
2025/07/06,MAGP - Minicar Autonomous Grand Prixに参加し、入賞しました。,Participated in the Minicar Autonomous Grand Prix (MAGP) and won an award.,
2025/08/02,音響学会東海支部中間発表会にて総合2位を受賞しました。,Won 2nd place overall at the Acoustical Society of Japan Tokai Branch interim meeting.,
2025/08/07,オープンキャンパスにて研究室紹介をおこないました。,Introduced our laboratory at the university Open Campus.,
2025/09/23,FAST-zero’25にて発表を行いました。,Presented our research at FAST-zero'25.,/component/articles/fastzero25.md
2025/10/24,新たにB3メンバーが5人配属されました。,Five new B3 undergraduate members have joined the laboratory.,/component/articles/b3_25.md
2025/11/24,ITSC2025にてM2が発表をしました。,M2 student presented research at IEEE ITSC 2025.,/component/articles/itsc25.md
2026/03/07,IV 2026での口頭発表にB4の研究論文が採択されました,B4 student's research paper accepted for oral presentation at IEEE IV 2026.,/component/articles/iv26_accepted.md
2026/03/11,海と地球のシンポジウム2025にてM2が発表をしました。,M2 student presented research at Ocean and Earth Symposium 2025.,/component/articles/umi25.md
2026/05/26,第三回MAGPに参加し、入賞しました。,Participated in the 3rd MAGP and won an award.,/component/articles/MAGP2026_spring.md
2026/06/22,国際学会IV2026に参加し発表を行いました。,Attended and presented our research at IEEE IV 2026.,/component/articles/iv26.md
2026/08/07,オープンキャンパスにて研究室紹介をおこないました。,Introduced our laboratory at the university Open Campus.,/component/articles/opencampas2026.md
2026/09/19,自動運転AIチャレンジ2026決勝大会に参加しました。,Participated in the Autonomous Driving AI Challenge 2026 Finals.,/img/articles/aichallenge2026.jpg